{
  "experiment_name": "resnet18_50",
  "percent_labels": 50,
  "base_model": "resnet18",
  "epochs": 100,
  "scratch": {
    "accuracy": 0.6365,
    "f1_macro": 0.6260416063777939,
    "f1_weighted": 0.6260416063777939,
    "precision_macro": 0.6555025073825587,
    "recall_macro": 0.6365000000000001,
    "confusion_matrix": [
      [
        653,
        13,
        55,
        2,
        5,
        2,
        6,
        1,
        46,
        17
      ],
      [
        51,
        450,
        33,
        60,
        81,
        52,
        20,
        36,
        10,
        7
      ],
      [
        6,
        5,
        748,
        2,
        3,
        6,
        4,
        0,
        12,
        14
      ],
      [
        8,
        43,
        24,
        342,
        167,
        130,
        32,
        16,
        25,
        13
      ],
      [
        11,
        18,
        11,
        38,
        616,
        45,
        39,
        5,
        15,
        2
      ],
      [
        8,
        25,
        26,
        69,
        147,
        362,
        115,
        21,
        17,
        10
      ],
      [
        14,
        6,
        23,
        16,
        115,
        60,
        530,
        6,
        25,
        5
      ],
      [
        2,
        58,
        30,
        116,
        118,
        168,
        43,
        241,
        16,
        8
      ],
      [
        36,
        6,
        33,
        1,
        6,
        2,
        2,
        0,
        700,
        14
      ],
      [
        32,
        7,
        189,
        3,
        3,
        3,
        10,
        0,
        103,
        450
      ]
    ]
  },
  "imagenet": {
    "accuracy": 0.872375,
    "f1_macro": 0.8724197121035363,
    "f1_weighted": 0.8724197121035365,
    "precision_macro": 0.8743956552688408,
    "recall_macro": 0.8723750000000001,
    "confusion_matrix": [
      [
        748,
        3,
        5,
        2,
        1,
        4,
        8,
        0,
        16,
        13
      ],
      [
        17,
        691,
        1,
        17,
        12,
        15,
        13,
        29,
        3,
        2
      ],
      [
        6,
        0,
        716,
        1,
        1,
        1,
        16,
        0,
        4,
        55
      ],
      [
        1,
        14,
        2,
        598,
        27,
        90,
        13,
        53,
        0,
        2
      ],
      [
        0,
        10,
        0,
        19,
        697,
        22,
        34,
        17,
        0,
        1
      ],
      [
        2,
        9,
        4,
        31,
        22,
        633,
        56,
        39,
        0,
        4
      ],
      [
        2,
        4,
        1,
        5,
        24,
        36,
        711,
        8,
        0,
        9
      ],
      [
        2,
        12,
        1,
        14,
        18,
        31,
        16,
        706,
        0,
        0
      ],
      [
        22,
        1,
        3,
        2,
        0,
        1,
        1,
        0,
        753,
        17
      ],
      [
        15,
        0,
        19,
        3,
        0,
        1,
        9,
        1,
        26,
        726
      ]
    ]
  },
  "simclr_probe": {
    "accuracy": 0.831625,
    "f1_macro": 0.8323013911587177,
    "f1_weighted": 0.8323013911587177,
    "precision_macro": 0.8341601185385512,
    "recall_macro": 0.8316250000000001,
    "confusion_matrix": [
      [
        728,
        12,
        17,
        1,
        0,
        4,
        5,
        1,
        14,
        18
      ],
      [
        14,
        634,
        1,
        42,
        14,
        23,
        7,
        62,
        1,
        2
      ],
      [
        0,
        4,
        743,
        0,
        1,
        1,
        1,
        1,
        2,
        47
      ],
      [
        1,
        35,
        0,
        539,
        45,
        112,
        4,
        63,
        1,
        0
      ],
      [
        0,
        18,
        1,
        23,
        654,
        45,
        34,
        25,
        0,
        0
      ],
      [
        0,
        22,
        0,
        65,
        22,
        564,
        51,
        74,
        1,
        1
      ],
      [
        4,
        3,
        4,
        7,
        23,
        63,
        663,
        30,
        0,
        3
      ],
      [
        1,
        31,
        1,
        59,
        13,
        46,
        4,
        645,
        0,
        0
      ],
      [
        16,
        3,
        4,
        2,
        1,
        0,
        0,
        0,
        754,
        20
      ],
      [
        9,
        2,
        28,
        6,
        0,
        2,
        3,
        1,
        20,
        729
      ]
    ]
  }
}