{
  "experiment_name": "resnet18_10",
  "percent_labels": 10,
  "base_model": "resnet18",
  "epochs": 100,
  "scratch": {
    "accuracy": 0.459875,
    "f1_macro": 0.45455008320264306,
    "f1_weighted": 0.4545500832026432,
    "precision_macro": 0.47115860745895316,
    "recall_macro": 0.4598749999999999,
    "confusion_matrix": [
      [
        455,
        123,
        60,
        6,
        1,
        16,
        0,
        7,
        55,
        77
      ],
      [
        45,
        343,
        14,
        42,
        43,
        96,
        41,
        137,
        8,
        31
      ],
      [
        30,
        27,
        556,
        7,
        1,
        8,
        2,
        13,
        19,
        137
      ],
      [
        13,
        111,
        12,
        138,
        100,
        175,
        44,
        156,
        7,
        44
      ],
      [
        13,
        88,
        8,
        51,
        185,
        165,
        166,
        89,
        11,
        24
      ],
      [
        10,
        81,
        14,
        36,
        54,
        286,
        109,
        162,
        6,
        42
      ],
      [
        16,
        53,
        18,
        12,
        17,
        107,
        418,
        96,
        11,
        52
      ],
      [
        10,
        81,
        6,
        51,
        50,
        144,
        50,
        392,
        1,
        15
      ],
      [
        68,
        45,
        78,
        3,
        3,
        12,
        4,
        11,
        444,
        132
      ],
      [
        39,
        28,
        166,
        11,
        0,
        19,
        6,
        21,
        48,
        462
      ]
    ]
  },
  "imagenet": {
    "accuracy": 0.821125,
    "f1_macro": 0.8206083559515905,
    "f1_weighted": 0.8206083559515904,
    "precision_macro": 0.8233068534773824,
    "recall_macro": 0.821125,
    "confusion_matrix": [
      [
        693,
        6,
        18,
        2,
        2,
        1,
        6,
        1,
        39,
        32
      ],
      [
        20,
        645,
        3,
        30,
        13,
        15,
        16,
        56,
        2,
        0
      ],
      [
        4,
        0,
        721,
        2,
        0,
        0,
        5,
        1,
        4,
        63
      ],
      [
        1,
        33,
        2,
        510,
        47,
        73,
        34,
        97,
        2,
        1
      ],
      [
        2,
        7,
        0,
        27,
        628,
        40,
        75,
        20,
        1,
        0
      ],
      [
        4,
        10,
        1,
        51,
        22,
        580,
        70,
        59,
        2,
        1
      ],
      [
        3,
        2,
        1,
        6,
        11,
        62,
        695,
        11,
        3,
        6
      ],
      [
        0,
        13,
        1,
        45,
        31,
        34,
        22,
        654,
        0,
        0
      ],
      [
        22,
        2,
        9,
        0,
        1,
        0,
        1,
        0,
        747,
        18
      ],
      [
        17,
        2,
        39,
        3,
        0,
        0,
        4,
        1,
        38,
        696
      ]
    ]
  },
  "simclr_probe": {
    "accuracy": 0.79325,
    "f1_macro": 0.7933253806877671,
    "f1_weighted": 0.793325380687767,
    "precision_macro": 0.7986082641429375,
    "recall_macro": 0.7932499999999999,
    "confusion_matrix": [
      [
        696,
        19,
        27,
        0,
        1,
        4,
        4,
        0,
        14,
        35
      ],
      [
        38,
        599,
        2,
        46,
        14,
        28,
        9,
        64,
        0,
        0
      ],
      [
        1,
        7,
        734,
        0,
        1,
        1,
        3,
        0,
        2,
        51
      ],
      [
        3,
        35,
        0,
        441,
        59,
        159,
        6,
        94,
        2,
        1
      ],
      [
        2,
        24,
        0,
        20,
        600,
        65,
        66,
        23,
        0,
        0
      ],
      [
        1,
        33,
        0,
        33,
        22,
        577,
        58,
        73,
        1,
        2
      ],
      [
        1,
        4,
        3,
        7,
        23,
        87,
        638,
        33,
        0,
        4
      ],
      [
        2,
        30,
        1,
        45,
        28,
        67,
        13,
        614,
        0,
        0
      ],
      [
        19,
        6,
        8,
        2,
        0,
        0,
        0,
        0,
        740,
        25
      ],
      [
        9,
        3,
        48,
        1,
        2,
        2,
        2,
        2,
        24,
        707
      ]
    ]
  }
}