{
  "experiment_name": "resnet18_pt_10",
  "percent_labels": 10,
  "base_model": "resnet18",
  "epochs": 100,
  "scratch": {
    "accuracy": 0.44625,
    "f1_macro": 0.43512098157562196,
    "f1_weighted": 0.43512098157562196,
    "precision_macro": 0.446200485557266,
    "recall_macro": 0.44625000000000004,
    "confusion_matrix": [
      [
        446,
        16,
        105,
        3,
        6,
        23,
        22,
        6,
        116,
        57
      ],
      [
        53,
        229,
        80,
        46,
        51,
        77,
        74,
        119,
        18,
        53
      ],
      [
        26,
        7,
        519,
        5,
        4,
        18,
        26,
        13,
        41,
        141
      ],
      [
        5,
        94,
        23,
        163,
        79,
        124,
        77,
        157,
        15,
        63
      ],
      [
        5,
        73,
        29,
        60,
        219,
        110,
        133,
        101,
        22,
        48
      ],
      [
        9,
        55,
        35,
        61,
        40,
        198,
        218,
        120,
        11,
        53
      ],
      [
        1,
        34,
        38,
        10,
        45,
        46,
        504,
        50,
        8,
        64
      ],
      [
        2,
        76,
        26,
        59,
        48,
        86,
        128,
        341,
        3,
        31
      ],
      [
        70,
        6,
        70,
        1,
        6,
        9,
        17,
        2,
        535,
        84
      ],
      [
        33,
        5,
        191,
        4,
        8,
        13,
        31,
        10,
        89,
        416
      ]
    ]
  },
  "imagenet": {
    "accuracy": 0.8115,
    "f1_macro": 0.811405171928949,
    "f1_weighted": 0.8114051719289491,
    "precision_macro": 0.8129785725661639,
    "recall_macro": 0.8115,
    "confusion_matrix": [
      [
        704,
        2,
        31,
        1,
        1,
        1,
        4,
        1,
        35,
        20
      ],
      [
        36,
        621,
        4,
        39,
        25,
        19,
        9,
        45,
        2,
        0
      ],
      [
        4,
        0,
        740,
        1,
        1,
        1,
        5,
        3,
        3,
        42
      ],
      [
        1,
        26,
        0,
        543,
        50,
        97,
        23,
        54,
        3,
        3
      ],
      [
        9,
        3,
        0,
        64,
        598,
        36,
        59,
        31,
        0,
        0
      ],
      [
        3,
        10,
        1,
        40,
        34,
        602,
        64,
        45,
        1,
        0
      ],
      [
        4,
        8,
        1,
        10,
        26,
        62,
        651,
        29,
        3,
        6
      ],
      [
        2,
        23,
        1,
        65,
        30,
        43,
        16,
        620,
        0,
        0
      ],
      [
        23,
        1,
        11,
        1,
        1,
        1,
        1,
        0,
        744,
        17
      ],
      [
        24,
        0,
        50,
        1,
        0,
        2,
        8,
        1,
        45,
        669
      ]
    ]
  },
  "simclr_probe": {
    "accuracy": 0.8015,
    "f1_macro": 0.8016787998233668,
    "f1_weighted": 0.8016787998233668,
    "precision_macro": 0.8079205892484047,
    "recall_macro": 0.8015000000000001,
    "confusion_matrix": [
      [
        720,
        16,
        24,
        1,
        0,
        2,
        7,
        0,
        11,
        19
      ],
      [
        42,
        574,
        0,
        55,
        15,
        27,
        11,
        76,
        0,
        0
      ],
      [
        3,
        5,
        744,
        0,
        1,
        1,
        1,
        0,
        1,
        44
      ],
      [
        2,
        30,
        0,
        455,
        48,
        146,
        5,
        112,
        2,
        0
      ],
      [
        1,
        19,
        0,
        19,
        617,
        61,
        61,
        22,
        0,
        0
      ],
      [
        2,
        24,
        2,
        33,
        25,
        583,
        38,
        92,
        0,
        1
      ],
      [
        1,
        6,
        1,
        2,
        22,
        86,
        628,
        47,
        0,
        7
      ],
      [
        3,
        28,
        1,
        40,
        29,
        46,
        9,
        643,
        1,
        0
      ],
      [
        18,
        7,
        14,
        1,
        0,
        0,
        0,
        0,
        738,
        22
      ],
      [
        12,
        2,
        45,
        1,
        0,
        1,
        4,
        3,
        22,
        710
      ]
    ]
  }
}