{
  "experiment_name": "resnet18_pt_50",
  "percent_labels": 50,
  "base_model": "resnet18",
  "epochs": 100,
  "scratch": {
    "accuracy": 0.674625,
    "f1_macro": 0.6708964385622089,
    "f1_weighted": 0.670896438562209,
    "precision_macro": 0.6759083235240821,
    "recall_macro": 0.674625,
    "confusion_matrix": [
      [
        650,
        20,
        11,
        4,
        4,
        3,
        5,
        2,
        46,
        55
      ],
      [
        47,
        497,
        8,
        65,
        42,
        41,
        30,
        51,
        7,
        12
      ],
      [
        26,
        8,
        627,
        6,
        2,
        5,
        12,
        1,
        12,
        101
      ],
      [
        5,
        81,
        4,
        417,
        85,
        88,
        46,
        49,
        17,
        8
      ],
      [
        6,
        27,
        3,
        77,
        501,
        30,
        117,
        18,
        16,
        5
      ],
      [
        6,
        44,
        3,
        88,
        65,
        332,
        174,
        64,
        9,
        15
      ],
      [
        5,
        18,
        2,
        26,
        33,
        36,
        639,
        17,
        6,
        18
      ],
      [
        1,
        73,
        3,
        92,
        52,
        71,
        64,
        424,
        10,
        10
      ],
      [
        61,
        11,
        6,
        5,
        4,
        1,
        1,
        0,
        668,
        43
      ],
      [
        26,
        6,
        28,
        6,
        1,
        2,
        9,
        1,
        79,
        642
      ]
    ]
  },
  "imagenet": {
    "accuracy": 0.872125,
    "f1_macro": 0.87216529317118,
    "f1_weighted": 0.87216529317118,
    "precision_macro": 0.8734351601722035,
    "recall_macro": 0.8721249999999999,
    "confusion_matrix": [
      [
        734,
        3,
        7,
        3,
        0,
        3,
        5,
        1,
        23,
        21
      ],
      [
        8,
        719,
        2,
        16,
        5,
        16,
        8,
        23,
        1,
        2
      ],
      [
        7,
        1,
        729,
        1,
        3,
        3,
        5,
        2,
        0,
        49
      ],
      [
        6,
        16,
        0,
        604,
        43,
        79,
        14,
        36,
        1,
        1
      ],
      [
        1,
        15,
        1,
        24,
        703,
        18,
        22,
        14,
        0,
        2
      ],
      [
        1,
        13,
        1,
        26,
        29,
        656,
        45,
        24,
        1,
        4
      ],
      [
        1,
        6,
        4,
        3,
        24,
        41,
        702,
        12,
        0,
        7
      ],
      [
        0,
        24,
        0,
        25,
        21,
        54,
        16,
        659,
        0,
        1
      ],
      [
        22,
        1,
        6,
        1,
        1,
        2,
        1,
        0,
        744,
        22
      ],
      [
        12,
        2,
        28,
        1,
        1,
        0,
        6,
        1,
        22,
        727
      ]
    ]
  },
  "simclr_probe": {
    "accuracy": 0.83775,
    "f1_macro": 0.8387574842001525,
    "f1_weighted": 0.8387574842001525,
    "precision_macro": 0.8417888198770009,
    "recall_macro": 0.83775,
    "confusion_matrix": [
      [
        745,
        16,
        8,
        0,
        0,
        5,
        3,
        2,
        11,
        10
      ],
      [
        17,
        633,
        0,
        48,
        9,
        16,
        6,
        71,
        0,
        0
      ],
      [
        4,
        3,
        746,
        0,
        1,
        1,
        1,
        0,
        1,
        43
      ],
      [
        0,
        32,
        0,
        564,
        31,
        107,
        5,
        60,
        1,
        0
      ],
      [
        0,
        32,
        0,
        29,
        622,
        54,
        35,
        27,
        1,
        0
      ],
      [
        1,
        18,
        0,
        72,
        19,
        583,
        36,
        70,
        1,
        0
      ],
      [
        2,
        7,
        0,
        5,
        16,
        68,
        658,
        39,
        1,
        4
      ],
      [
        1,
        30,
        0,
        49,
        14,
        35,
        5,
        666,
        0,
        0
      ],
      [
        17,
        4,
        1,
        0,
        0,
        0,
        0,
        0,
        764,
        14
      ],
      [
        10,
        2,
        29,
        4,
        0,
        1,
        5,
        2,
        26,
        721
      ]
    ]
  }
}