{
  "experiment_name": "resnet18_pt_100",
  "percent_labels": 100,
  "base_model": "resnet18",
  "epochs": 100,
  "scratch": {
    "accuracy": 0.738125,
    "f1_macro": 0.7375022606368079,
    "f1_weighted": 0.7375022606368078,
    "precision_macro": 0.7529405980440237,
    "recall_macro": 0.7381249999999999,
    "confusion_matrix": [
      [
        731,
        13,
        6,
        1,
        1,
        3,
        17,
        0,
        18,
        10
      ],
      [
        43,
        517,
        5,
        60,
        71,
        28,
        42,
        28,
        1,
        5
      ],
      [
        28,
        4,
        662,
        2,
        1,
        3,
        19,
        3,
        7,
        71
      ],
      [
        8,
        28,
        6,
        452,
        95,
        105,
        67,
        29,
        3,
        7
      ],
      [
        3,
        9,
        1,
        29,
        608,
        32,
        101,
        14,
        1,
        2
      ],
      [
        5,
        22,
        5,
        65,
        49,
        451,
        175,
        23,
        1,
        4
      ],
      [
        6,
        4,
        1,
        4,
        22,
        51,
        697,
        7,
        0,
        8
      ],
      [
        2,
        32,
        2,
        54,
        61,
        87,
        102,
        456,
        1,
        3
      ],
      [
        67,
        2,
        7,
        6,
        0,
        1,
        8,
        2,
        674,
        33
      ],
      [
        46,
        1,
        40,
        3,
        1,
        3,
        16,
        3,
        30,
        657
      ]
    ]
  },
  "imagenet": {
    "accuracy": 0.89925,
    "f1_macro": 0.899098634970241,
    "f1_weighted": 0.8990986349702411,
    "precision_macro": 0.8994664211145913,
    "recall_macro": 0.89925,
    "confusion_matrix": [
      [
        759,
        12,
        7,
        2,
        2,
        2,
        6,
        1,
        6,
        3
      ],
      [
        3,
        733,
        2,
        13,
        6,
        6,
        10,
        24,
        1,
        2
      ],
      [
        10,
        1,
        762,
        1,
        0,
        1,
        4,
        1,
        1,
        19
      ],
      [
        0,
        20,
        1,
        644,
        21,
        60,
        14,
        36,
        0,
        4
      ],
      [
        2,
        8,
        1,
        29,
        709,
        18,
        18,
        13,
        0,
        2
      ],
      [
        2,
        14,
        4,
        26,
        29,
        661,
        38,
        25,
        0,
        1
      ],
      [
        3,
        3,
        2,
        3,
        23,
        29,
        729,
        4,
        0,
        4
      ],
      [
        0,
        15,
        0,
        19,
        10,
        30,
        15,
        711,
        0,
        0
      ],
      [
        21,
        0,
        4,
        0,
        0,
        0,
        1,
        0,
        765,
        9
      ],
      [
        22,
        1,
        26,
        2,
        1,
        4,
        2,
        1,
        20,
        721
      ]
    ]
  },
  "simclr_probe": {
    "accuracy": 0.849875,
    "f1_macro": 0.8505869356853193,
    "f1_weighted": 0.8505869356853191,
    "precision_macro": 0.8517199038097036,
    "recall_macro": 0.8498749999999999,
    "confusion_matrix": [
      [
        751,
        16,
        7,
        3,
        0,
        4,
        3,
        1,
        7,
        8
      ],
      [
        12,
        673,
        0,
        38,
        8,
        14,
        4,
        51,
        0,
        0
      ],
      [
        5,
        2,
        748,
        0,
        1,
        2,
        1,
        0,
        1,
        40
      ],
      [
        0,
        32,
        0,
        592,
        30,
        93,
        4,
        49,
        0,
        0
      ],
      [
        0,
        28,
        0,
        26,
        673,
        33,
        24,
        15,
        1,
        0
      ],
      [
        1,
        19,
        0,
        88,
        21,
        574,
        42,
        54,
        1,
        0
      ],
      [
        3,
        5,
        0,
        9,
        19,
        67,
        666,
        27,
        1,
        3
      ],
      [
        0,
        41,
        0,
        60,
        21,
        31,
        5,
        642,
        0,
        0
      ],
      [
        16,
        2,
        1,
        2,
        0,
        0,
        0,
        0,
        764,
        15
      ],
      [
        15,
        2,
        30,
        6,
        0,
        1,
        4,
        2,
        24,
        716
      ]
    ]
  }
}