{
  "experiment_name": "resnet18_100",
  "percent_labels": 100,
  "base_model": "resnet18",
  "epochs": 100,
  "scratch": {
    "accuracy": 0.747,
    "f1_macro": 0.7472116927186474,
    "f1_weighted": 0.7472116927186472,
    "precision_macro": 0.7501979144578987,
    "recall_macro": 0.747,
    "confusion_matrix": [
      [
        709,
        12,
        6,
        6,
        0,
        4,
        4,
        4,
        31,
        24
      ],
      [
        42,
        574,
        4,
        33,
        12,
        31,
        10,
        89,
        2,
        3
      ],
      [
        24,
        10,
        650,
        4,
        1,
        10,
        3,
        2,
        8,
        88
      ],
      [
        4,
        96,
        3,
        460,
        41,
        109,
        12,
        66,
        1,
        8
      ],
      [
        5,
        46,
        3,
        57,
        588,
        40,
        26,
        34,
        0,
        1
      ],
      [
        5,
        40,
        3,
        85,
        41,
        448,
        71,
        104,
        2,
        1
      ],
      [
        6,
        20,
        3,
        24,
        38,
        67,
        593,
        34,
        0,
        15
      ],
      [
        2,
        42,
        0,
        55,
        30,
        56,
        29,
        579,
        2,
        5
      ],
      [
        41,
        7,
        7,
        16,
        0,
        2,
        1,
        0,
        675,
        51
      ],
      [
        18,
        3,
        36,
        9,
        0,
        4,
        5,
        7,
        18,
        700
      ]
    ]
  },
  "imagenet": {
    "accuracy": 0.897,
    "f1_macro": 0.8967732209563358,
    "f1_weighted": 0.8967732209563357,
    "precision_macro": 0.8971855565357041,
    "recall_macro": 0.897,
    "confusion_matrix": [
      [
        748,
        3,
        9,
        3,
        1,
        1,
        4,
        0,
        22,
        9
      ],
      [
        12,
        726,
        0,
        14,
        12,
        7,
        8,
        18,
        3,
        0
      ],
      [
        4,
        0,
        762,
        0,
        4,
        1,
        1,
        1,
        1,
        26
      ],
      [
        1,
        11,
        0,
        641,
        36,
        65,
        11,
        32,
        0,
        3
      ],
      [
        2,
        8,
        1,
        15,
        735,
        12,
        20,
        6,
        1,
        0
      ],
      [
        3,
        12,
        2,
        34,
        25,
        659,
        41,
        22,
        1,
        1
      ],
      [
        3,
        4,
        4,
        2,
        32,
        31,
        710,
        8,
        1,
        5
      ],
      [
        0,
        15,
        1,
        30,
        26,
        19,
        11,
        697,
        1,
        0
      ],
      [
        14,
        0,
        4,
        1,
        1,
        0,
        0,
        0,
        765,
        15
      ],
      [
        13,
        1,
        31,
        2,
        0,
        0,
        2,
        2,
        16,
        733
      ]
    ]
  },
  "simclr_probe": {
    "accuracy": 0.846,
    "f1_macro": 0.846740952323602,
    "f1_weighted": 0.8467409523236019,
    "precision_macro": 0.8486432916884157,
    "recall_macro": 0.8460000000000001,
    "confusion_matrix": [
      [
        739,
        10,
        11,
        0,
        0,
        5,
        3,
        1,
        13,
        18
      ],
      [
        12,
        661,
        0,
        31,
        8,
        21,
        5,
        59,
        1,
        2
      ],
      [
        0,
        4,
        749,
        0,
        1,
        1,
        1,
        0,
        2,
        42
      ],
      [
        0,
        47,
        0,
        553,
        29,
        112,
        7,
        52,
        0,
        0
      ],
      [
        0,
        22,
        0,
        22,
        657,
        48,
        35,
        16,
        0,
        0
      ],
      [
        0,
        18,
        0,
        67,
        16,
        591,
        55,
        51,
        1,
        1
      ],
      [
        4,
        6,
        3,
        8,
        14,
        61,
        681,
        21,
        0,
        2
      ],
      [
        0,
        38,
        0,
        50,
        10,
        54,
        6,
        642,
        0,
        0
      ],
      [
        13,
        2,
        1,
        2,
        0,
        0,
        0,
        0,
        763,
        19
      ],
      [
        10,
        2,
        26,
        4,
        0,
        1,
        4,
        2,
        19,
        732
      ]
    ]
  }
}