{
  "experiment_name": "resnet18_pt_25",
  "percent_labels": 25,
  "base_model": "resnet18",
  "epochs": 100,
  "scratch": {
    "accuracy": 0.5775,
    "f1_macro": 0.5761090606288475,
    "f1_weighted": 0.5761090606288475,
    "precision_macro": 0.5933578599230864,
    "recall_macro": 0.5775,
    "confusion_matrix": [
      [
        617,
        37,
        33,
        3,
        2,
        7,
        10,
        3,
        26,
        62
      ],
      [
        54,
        452,
        13,
        40,
        44,
        76,
        45,
        64,
        5,
        7
      ],
      [
        26,
        18,
        505,
        4,
        6,
        18,
        29,
        7,
        8,
        179
      ],
      [
        10,
        84,
        10,
        252,
        116,
        185,
        43,
        88,
        1,
        11
      ],
      [
        6,
        89,
        5,
        49,
        346,
        120,
        120,
        56,
        2,
        7
      ],
      [
        10,
        75,
        7,
        56,
        41,
        427,
        121,
        46,
        3,
        14
      ],
      [
        12,
        19,
        4,
        14,
        24,
        109,
        568,
        29,
        3,
        18
      ],
      [
        7,
        69,
        6,
        45,
        55,
        174,
        73,
        361,
        4,
        6
      ],
      [
        100,
        15,
        31,
        4,
        9,
        14,
        7,
        5,
        517,
        98
      ],
      [
        36,
        22,
        61,
        5,
        8,
        20,
        36,
        5,
        32,
        575
      ]
    ]
  },
  "imagenet": {
    "accuracy": 0.855,
    "f1_macro": 0.8550592660846397,
    "f1_weighted": 0.8550592660846397,
    "precision_macro": 0.857525835251295,
    "recall_macro": 0.8550000000000001,
    "confusion_matrix": [
      [
        735,
        12,
        8,
        1,
        3,
        3,
        3,
        0,
        22,
        13
      ],
      [
        12,
        682,
        2,
        38,
        12,
        23,
        13,
        16,
        0,
        2
      ],
      [
        6,
        2,
        728,
        0,
        1,
        6,
        4,
        0,
        3,
        50
      ],
      [
        1,
        16,
        2,
        551,
        56,
        97,
        14,
        61,
        1,
        1
      ],
      [
        3,
        13,
        0,
        19,
        674,
        37,
        39,
        15,
        0,
        0
      ],
      [
        4,
        12,
        1,
        20,
        33,
        655,
        51,
        23,
        1,
        0
      ],
      [
        3,
        8,
        3,
        3,
        25,
        62,
        682,
        8,
        0,
        6
      ],
      [
        2,
        21,
        0,
        33,
        18,
        40,
        14,
        672,
        0,
        0
      ],
      [
        21,
        3,
        3,
        0,
        0,
        4,
        1,
        0,
        757,
        11
      ],
      [
        24,
        0,
        29,
        0,
        0,
        6,
        6,
        1,
        30,
        704
      ]
    ]
  },
  "simclr_probe": {
    "accuracy": 0.825125,
    "f1_macro": 0.8259574149258745,
    "f1_weighted": 0.8259574149258745,
    "precision_macro": 0.8284463872891363,
    "recall_macro": 0.8251250000000001,
    "confusion_matrix": [
      [
        725,
        20,
        14,
        1,
        0,
        7,
        6,
        0,
        15,
        12
      ],
      [
        14,
        621,
        0,
        56,
        18,
        24,
        12,
        55,
        0,
        0
      ],
      [
        3,
        4,
        745,
        0,
        1,
        2,
        2,
        0,
        2,
        41
      ],
      [
        0,
        32,
        0,
        517,
        42,
        134,
        5,
        69,
        1,
        0
      ],
      [
        0,
        23,
        0,
        23,
        636,
        54,
        43,
        21,
        0,
        0
      ],
      [
        2,
        22,
        0,
        61,
        25,
        590,
        47,
        53,
        0,
        0
      ],
      [
        0,
        9,
        0,
        1,
        29,
        70,
        653,
        33,
        1,
        4
      ],
      [
        1,
        29,
        0,
        61,
        13,
        44,
        10,
        642,
        0,
        0
      ],
      [
        17,
        6,
        6,
        1,
        0,
        0,
        0,
        0,
        755,
        15
      ],
      [
        12,
        3,
        31,
        0,
        0,
        3,
        5,
        2,
        27,
        717
      ]
    ]
  }
}