{
  "experiment_name": "resnet18_75",
  "percent_labels": 75,
  "base_model": "resnet18",
  "epochs": 100,
  "scratch": {
    "accuracy": 0.713625,
    "f1_macro": 0.7129006324872769,
    "f1_weighted": 0.7129006324872771,
    "precision_macro": 0.7166356147231842,
    "recall_macro": 0.7136250000000001,
    "confusion_matrix": [
      [
        670,
        16,
        10,
        1,
        5,
        3,
        4,
        1,
        69,
        21
      ],
      [
        37,
        538,
        2,
        75,
        30,
        38,
        11,
        55,
        7,
        7
      ],
      [
        15,
        8,
        645,
        3,
        1,
        2,
        3,
        4,
        28,
        91
      ],
      [
        5,
        49,
        5,
        452,
        55,
        116,
        11,
        68,
        12,
        27
      ],
      [
        7,
        24,
        3,
        91,
        536,
        65,
        28,
        29,
        7,
        10
      ],
      [
        9,
        33,
        11,
        72,
        54,
        455,
        64,
        67,
        17,
        18
      ],
      [
        7,
        20,
        8,
        18,
        54,
        93,
        523,
        25,
        10,
        42
      ],
      [
        3,
        47,
        2,
        78,
        28,
        101,
        25,
        495,
        7,
        14
      ],
      [
        19,
        4,
        5,
        3,
        2,
        1,
        0,
        0,
        746,
        20
      ],
      [
        21,
        2,
        38,
        1,
        1,
        1,
        1,
        4,
        82,
        649
      ]
    ]
  },
  "imagenet": {
    "accuracy": 0.890875,
    "f1_macro": 0.8909685178039494,
    "f1_weighted": 0.8909685178039496,
    "precision_macro": 0.892391732231977,
    "recall_macro": 0.890875,
    "confusion_matrix": [
      [
        749,
        9,
        5,
        1,
        0,
        2,
        10,
        0,
        10,
        14
      ],
      [
        8,
        705,
        0,
        14,
        13,
        14,
        12,
        32,
        1,
        1
      ],
      [
        3,
        2,
        757,
        0,
        1,
        0,
        6,
        0,
        3,
        28
      ],
      [
        0,
        20,
        0,
        609,
        42,
        85,
        10,
        33,
        0,
        1
      ],
      [
        3,
        8,
        0,
        30,
        712,
        21,
        13,
        12,
        1,
        0
      ],
      [
        1,
        7,
        0,
        34,
        22,
        674,
        35,
        25,
        0,
        2
      ],
      [
        1,
        2,
        1,
        3,
        15,
        52,
        710,
        11,
        0,
        5
      ],
      [
        1,
        6,
        0,
        13,
        15,
        33,
        9,
        723,
        0,
        0
      ],
      [
        18,
        1,
        4,
        0,
        2,
        0,
        0,
        0,
        764,
        11
      ],
      [
        4,
        0,
        32,
        1,
        0,
        3,
        4,
        2,
        30,
        724
      ]
    ]
  },
  "simclr_probe": {
    "accuracy": 0.840875,
    "f1_macro": 0.8417353622838026,
    "f1_weighted": 0.8417353622838026,
    "precision_macro": 0.8431052639381102,
    "recall_macro": 0.8408749999999999,
    "confusion_matrix": [
      [
        736,
        13,
        9,
        0,
        0,
        4,
        5,
        0,
        12,
        21
      ],
      [
        12,
        650,
        0,
        41,
        13,
        21,
        5,
        56,
        1,
        1
      ],
      [
        2,
        4,
        736,
        0,
        1,
        1,
        2,
        0,
        2,
        52
      ],
      [
        1,
        37,
        0,
        579,
        34,
        102,
        6,
        40,
        1,
        0
      ],
      [
        0,
        21,
        0,
        25,
        658,
        45,
        35,
        16,
        0,
        0
      ],
      [
        0,
        19,
        0,
        79,
        20,
        573,
        57,
        50,
        1,
        1
      ],
      [
        3,
        6,
        2,
        9,
        17,
        60,
        678,
        22,
        0,
        3
      ],
      [
        0,
        36,
        0,
        67,
        15,
        51,
        5,
        626,
        0,
        0
      ],
      [
        14,
        3,
        1,
        2,
        1,
        0,
        0,
        0,
        754,
        25
      ],
      [
        10,
        2,
        25,
        5,
        0,
        0,
        3,
        2,
        16,
        737
      ]
    ]
  }
}