{
  "experiment_name": "resnet18_pt_75",
  "percent_labels": 75,
  "base_model": "resnet18",
  "epochs": 100,
  "scratch": {
    "accuracy": 0.707,
    "f1_macro": 0.7038364038046085,
    "f1_weighted": 0.7038364038046085,
    "precision_macro": 0.7120690189928583,
    "recall_macro": 0.707,
    "confusion_matrix": [
      [
        697,
        21,
        10,
        1,
        2,
        4,
        5,
        1,
        43,
        16
      ],
      [
        49,
        594,
        1,
        39,
        13,
        30,
        29,
        32,
        6,
        7
      ],
      [
        22,
        8,
        656,
        4,
        1,
        6,
        12,
        1,
        31,
        59
      ],
      [
        2,
        144,
        3,
        439,
        45,
        68,
        44,
        43,
        5,
        7
      ],
      [
        11,
        69,
        4,
        48,
        511,
        53,
        75,
        20,
        7,
        2
      ],
      [
        4,
        87,
        4,
        108,
        43,
        359,
        145,
        44,
        5,
        1
      ],
      [
        1,
        34,
        5,
        15,
        32,
        45,
        638,
        14,
        7,
        9
      ],
      [
        1,
        75,
        4,
        83,
        42,
        77,
        54,
        455,
        5,
        4
      ],
      [
        31,
        13,
        6,
        5,
        0,
        0,
        1,
        0,
        735,
        9
      ],
      [
        27,
        5,
        58,
        3,
        1,
        4,
        7,
        1,
        122,
        572
      ]
    ]
  },
  "imagenet": {
    "accuracy": 0.89125,
    "f1_macro": 0.8911274466634851,
    "f1_weighted": 0.8911274466634851,
    "precision_macro": 0.8919399620251388,
    "recall_macro": 0.89125,
    "confusion_matrix": [
      [
        752,
        9,
        7,
        0,
        3,
        1,
        3,
        0,
        8,
        17
      ],
      [
        5,
        739,
        2,
        17,
        6,
        9,
        3,
        17,
        1,
        1
      ],
      [
        7,
        2,
        744,
        0,
        1,
        2,
        1,
        1,
        2,
        40
      ],
      [
        1,
        21,
        0,
        614,
        45,
        76,
        8,
        30,
        0,
        5
      ],
      [
        2,
        12,
        0,
        17,
        703,
        35,
        22,
        9,
        0,
        0
      ],
      [
        1,
        6,
        2,
        36,
        13,
        662,
        39,
        40,
        0,
        1
      ],
      [
        3,
        5,
        1,
        6,
        15,
        41,
        700,
        16,
        1,
        12
      ],
      [
        1,
        17,
        0,
        24,
        9,
        16,
        4,
        729,
        0,
        0
      ],
      [
        23,
        3,
        1,
        0,
        0,
        0,
        0,
        0,
        752,
        21
      ],
      [
        19,
        1,
        21,
        1,
        0,
        2,
        4,
        1,
        16,
        735
      ]
    ]
  },
  "simclr_probe": {
    "accuracy": 0.8465,
    "f1_macro": 0.8466590583390055,
    "f1_weighted": 0.8466590583390053,
    "precision_macro": 0.8477318312856633,
    "recall_macro": 0.8465,
    "confusion_matrix": [
      [
        750,
        17,
        8,
        0,
        0,
        4,
        3,
        1,
        7,
        10
      ],
      [
        15,
        651,
        0,
        39,
        14,
        13,
        7,
        61,
        0,
        0
      ],
      [
        3,
        2,
        760,
        0,
        1,
        1,
        1,
        0,
        1,
        31
      ],
      [
        0,
        31,
        0,
        561,
        37,
        100,
        5,
        65,
        1,
        0
      ],
      [
        0,
        25,
        0,
        19,
        659,
        39,
        35,
        22,
        1,
        0
      ],
      [
        2,
        18,
        0,
        70,
        22,
        570,
        51,
        67,
        0,
        0
      ],
      [
        2,
        6,
        0,
        3,
        13,
        51,
        691,
        29,
        1,
        4
      ],
      [
        1,
        37,
        0,
        46,
        22,
        29,
        8,
        657,
        0,
        0
      ],
      [
        17,
        2,
        2,
        0,
        1,
        0,
        0,
        0,
        759,
        19
      ],
      [
        16,
        2,
        36,
        3,
        0,
        1,
        5,
        2,
        21,
        714
      ]
    ]
  }
}