{
  "experiment_name": "resnet18_25",
  "percent_labels": 25,
  "base_model": "resnet18",
  "epochs": 100,
  "scratch": {
    "accuracy": 0.548375,
    "f1_macro": 0.5420694646404073,
    "f1_weighted": 0.5420694646404073,
    "precision_macro": 0.5776629966011347,
    "recall_macro": 0.5483750000000001,
    "confusion_matrix": [
      [
        423,
        95,
        46,
        9,
        5,
        4,
        8,
        2,
        156,
        52
      ],
      [
        10,
        463,
        12,
        69,
        114,
        45,
        23,
        28,
        21,
        15
      ],
      [
        4,
        13,
        571,
        5,
        7,
        7,
        15,
        1,
        71,
        106
      ],
      [
        1,
        86,
        5,
        262,
        197,
        120,
        29,
        47,
        37,
        16
      ],
      [
        4,
        52,
        5,
        43,
        561,
        53,
        43,
        12,
        22,
        5
      ],
      [
        1,
        72,
        5,
        65,
        191,
        295,
        89,
        34,
        27,
        21
      ],
      [
        2,
        27,
        14,
        15,
        171,
        77,
        420,
        13,
        39,
        22
      ],
      [
        2,
        91,
        7,
        81,
        194,
        106,
        47,
        242,
        17,
        13
      ],
      [
        14,
        9,
        18,
        13,
        6,
        2,
        0,
        1,
        716,
        21
      ],
      [
        12,
        11,
        126,
        13,
        7,
        8,
        11,
        3,
        175,
        434
      ]
    ]
  },
  "imagenet": {
    "accuracy": 0.83625,
    "f1_macro": 0.8363837263494819,
    "f1_weighted": 0.8363837263494818,
    "precision_macro": 0.8379735329115432,
    "recall_macro": 0.83625,
    "confusion_matrix": [
      [
        739,
        13,
        6,
        1,
        0,
        2,
        2,
        0,
        24,
        13
      ],
      [
        10,
        676,
        0,
        47,
        9,
        26,
        11,
        17,
        2,
        2
      ],
      [
        8,
        1,
        715,
        2,
        1,
        1,
        3,
        0,
        5,
        64
      ],
      [
        2,
        19,
        2,
        595,
        45,
        73,
        13,
        45,
        3,
        3
      ],
      [
        6,
        11,
        1,
        34,
        680,
        19,
        35,
        13,
        0,
        1
      ],
      [
        3,
        11,
        4,
        82,
        33,
        567,
        65,
        32,
        2,
        1
      ],
      [
        2,
        6,
        2,
        8,
        23,
        53,
        677,
        16,
        2,
        11
      ],
      [
        1,
        23,
        1,
        105,
        33,
        50,
        16,
        571,
        0,
        0
      ],
      [
        17,
        3,
        3,
        1,
        0,
        3,
        1,
        0,
        760,
        12
      ],
      [
        24,
        1,
        20,
        2,
        0,
        4,
        2,
        3,
        34,
        710
      ]
    ]
  },
  "simclr_probe": {
    "accuracy": 0.8175,
    "f1_macro": 0.8179664408072653,
    "f1_weighted": 0.8179664408072652,
    "precision_macro": 0.8207245624983717,
    "recall_macro": 0.8175000000000001,
    "confusion_matrix": [
      [
        716,
        27,
        15,
        0,
        0,
        3,
        5,
        0,
        18,
        16
      ],
      [
        12,
        648,
        0,
        45,
        14,
        25,
        10,
        45,
        1,
        0
      ],
      [
        1,
        5,
        737,
        0,
        1,
        1,
        2,
        0,
        3,
        50
      ],
      [
        1,
        42,
        0,
        493,
        50,
        135,
        10,
        68,
        1,
        0
      ],
      [
        0,
        25,
        1,
        19,
        611,
        71,
        52,
        21,
        0,
        0
      ],
      [
        1,
        30,
        0,
        49,
        26,
        576,
        57,
        58,
        1,
        2
      ],
      [
        2,
        9,
        1,
        3,
        27,
        66,
        665,
        24,
        0,
        3
      ],
      [
        2,
        36,
        1,
        61,
        17,
        59,
        6,
        618,
        0,
        0
      ],
      [
        14,
        7,
        1,
        1,
        0,
        0,
        0,
        0,
        756,
        21
      ],
      [
        11,
        3,
        31,
        3,
        0,
        1,
        3,
        1,
        27,
        720
      ]
    ]
  }
}